# T/K,mu (10.0 Pa) / J mol-1,mu (26.8269579528 Pa) / J mol-1,mu (71.9685673001 Pa) / J mol-1,mu (193.069772888 Pa) / J mol-1,mu (517.947467923 Pa) / J mol-1,mu (1389.49549437 Pa) / J mol-1,mu (3727.59372031 Pa) / J mol-1,mu (10000.0 Pa) / J mol-1,mu (26826.9579528 Pa) / J mol-1,mu (71968.5673001 Pa) / J mol-1,mu (193069.772888 Pa) / J mol-1,mu (517947.467923 Pa) / J mol-1,mu (1389495.49437 Pa) / J mol-1,mu (3727593.72031 Pa) / J mol-1,mu (10000000.0 Pa) / J mol-1
200,-4980.2648,-4775.1423,-4570.0199,-4364.8975,-4159.7750,-3954.6526,-3749.5302,-3544.4078,-3339.2854,-3134.1630,-2929.0406,-2723.9182,-2518.7958,-2313.6733,-2108.5509
210,-5541.4439,-5326.0653,-5110.6866,-4895.3080,-4679.9294,-4464.5509,-4249.1723,-4033.7937,-3818.4151,-3603.0366,-3387.6580,-3172.2795,-2956.9010,-2741.5224,-2526.1439
220,-6110.7984,-5885.1635,-5659.5286,-5433.8938,-5208.2589,-4982.6241,-4756.9893,-4531.3546,-4305.7198,-4080.0851,-3854.4504,-3628.8156,-3403.1809,-3177.5462,-2951.9116
230,-6688.1196,-6452.2282,-6216.3369,-5980.4456,-5744.5544,-5508.6633,-5272.7722,-5036.8811,-4800.9901,-4565.0991,-4329.2081,-4093.3172,-3857.4263,-3621.5354,-3385.6445
240,-7273.2053,-7027.0571,-6780.9090,-6534.7611,-6288.6133,-6042.4656,-5796.3180,-5550.1705,-5304.0231,-5057.8757,-4811.7284,-4565.5811,-4319.4339,-4073.2867,-3827.1396
250,-7865.8605,-7609.4549,-7353.0496,-7096.6445,-6840.2397,-6583.8351,-6327.4307,-6071.0265,-5814.6224,-5558.2184,-5301.8145,-5045.4108,-4789.0071,-4532.6035,-4276.2000
260,-8465.8981,-8199.2340,-7932.5706,-7665.9076,-7399.2451,-7132.5829,-6865.9212,-6599.2597,-6332.5985,-6065.9376,-5799.2768,-5532.6163,-5265.9559,-4999.2957,-4732.6356
270,-9073.1386,-8796.2145,-8519.2915,-8242.3694,-7965.4480,-7688.5274,-7411.6074,-7134.6880,-6857.7690,-6580.8505,-6303.9324,-6027.0146,-5750.0971,-5473.1799,-5196.2628
280,-9687.4113,-9400.2248,-9113.0400,-8825.8569,-8538.6750,-8251.4945,-7964.3149,-7677.1364,-7389.9586,-7102.7816,-6815.6053,-6528.4295,-6241.2543,-5954.0795,-5666.9051
290,-10308.5544,-10011.1019,-9713.6523,-9416.2052,-9118.7605,-8821.3177,-8523.8767,-8226.4373,-7928.9993,-7631.5624,-7334.1267,-7036.6920,-6739.2580,-6441.8249,-6144.3924
300,-10936.4159,-10628.6922,-10320.9732,-10013.2582,-9705.5469,-9397.8388,-9090.1336,-8782.4309,-8474.7304,-8167.0318,-7859.3350,-7551.6397,-7243.9458,-6936.2531,-6628.5614
310,-11570.8537,-11252.8516,-10934.8568,-10616.8683,-10298.8856,-9980.9078,-9662.9344,-9344.9649,-9026.9989,-8709.0359,-8391.0757,-8073.1178,-7755.1620,-7437.2081,-7119.2559
320,-12211.7364,-11883.4462,-11555.1669,-11226.8973,-10898.6363,-10570.3828,-10242.1361,-9913.8952,-9585.6596,-9257.4285,-8929.2016,-8600.9783,-8272.7581,-7944.5408,-7616.3260
330,-12858.9436,-12520.3523,-12181.7772,-11843.2163,-11504.6681,-11166.1310,-10827.6038,-10489.0854,-10150.5746,-9812.0707,-9473.5728,-9135.0802,-8796.5924,-8458.1087,-8119.6287
340,-13512.3669,-13163.4575,-12814.5715,-12465.7062,-12116.8591,-11768.0281,-11419.2114,-11070.4073,-10721.6143,-10372.8311,-10024.0567,-9675.2900,-9326.5300,-8977.7761,-8629.0275
350,-14171.9097,-13812.6605,-13453.4445,-13094.2578,-12735.0969,-12375.9588,-12016.8409,-11657.7408,-11298.6564,-10939.5860,-10580.5279,-10221.4807,-9862.4431,-9503.4140,-9144.3925
360,-14837.4880,-14467.8715,-14098.3014,-13728.7720,-13359.2786,-12989.8168,-12620.3830,-12250.9740,-11881.5869,-11512.2190,-11142.8683,-10773.5327,-10404.2104,-10034.9000,-9665.6000
370,-15509.0310,-15129.0128,-14749.0585,-14369.1601,-13989.3109,-13609.5049,-13229.7372,-12850.0032,-12470.2991,-12090.6213,-11710.9669,-11331.3331,-10951.7175,-10572.1181,-10192.5329
380,-16186.4817,-15796.0189,-15405.6434,-15015.3437,-14625.1102,-14234.9351,-13844.8113,-13454.7328,-13064.6945,-12674.6915,-12284.7199,-11894.7759,-11504.8564,-11114.9586,-10725.0799
390,-16869.7981,-16468.8373,-16067.9951,-15667.2547,-15266.6027,-14866.0281,-14465.5217,-14065.0752,-13664.6818,-13264.3353,-12864.0302,-12463.7617,-12063.5256,-11663.3182,-11263.1360
400,-17558.9551,-17147.4290,-16736.0645,-16324.8358,-15913.7241,-15502.7140,-15091.7931,-14680.9508,-14270.1777,-13859.4657,-13448.8078,-13038.1977,-12627.6299,-12217.0994,-11806.6020
410,-18253.9474,-17831.7702,-17409.8145,-16988.0402,-16566.4196,-16144.9314,-15723.5588,-15302.2875,-14881.1057,-14460.0026,-14038.9692,-13617.9974,-13197.0800,-12776.2108,-12355.3842
420,-18954.7947,-18521.8545,-18089.2217,-17656.8323,-17224.6443,-16792.6278,-16360.7596,-15929.0211,-15497.3967,-15065.8727,-14634.4374,-14203.0805,-13771.7929,-13340.5667,-12909.3947
430,-19661.5501,-19217.6964,-18774.2776,-18331.1881,-17888.3631,-17445.7592,-17003.3447,-16561.0946,-16118.9885,-15677.0091,-15235.1415,-14793.3726,-14351.6910,-13910.0866,-13468.5505
440,-20374.3128,-19919.3379,-19464.9911,-19011.0961,-18557.5508,-18104.2905,-17651.2706,-17198.4578,-16745.8254,-16293.3513,-15841.0167,-15388.8051,-14936.7023,-14484.6957,-14032.7742
450,-21093.2478,-20626.8570,-20161.3931,-19696.5598,-19232.1931,-18768.1950,-18304.5018,-17841.0678,-17377.8582,-16914.8447,-16452.0037,-15989.3146,-15526.7598,-15064.3238,-14601.9927
460,-21818.6149,-21340.3815,-20863.5424,-20387.5996,-19912.2876,-19437.4554,-18963.0098,-18488.8880,-18015.0436,-17541.4404,-17068.0487,-16594.8431,-16121.8018,-15648.9057,-15176.1379
470,-22550.8111,-22060.1090,-21571.5350,-21084.2574,-20597.8455,-20112.0638,-19626.7743,-19141.8884,-18657.3442,-18173.0949,-17689.1031,-17205.3374,-16721.7710,-16238.3806,-15755.1460
480,-23290.4320,-22786.3351,-22285.5173,-21786.6026,-21288.8941,-20792.0231,-20295.7823,-19800.0453,-19304.7281,-18809.7697,-18315.1228,-17820.7486,-17326.6144,-16832.6922,-16338.9572
490,-24038.3578,-23519.4923,-23005.7044,-22494.7404,-21985.4808,-21477.3484,-20970.0296,-20463.3417,-19957.1690,-19451.4312,-18946.0683,-18441.0323,-17936.2835,-17431.7877,-16927.5156
500,-24795.8786,-24260.2059,-23732.4049,-23208.8235,-22687.6785,-22168.0695,-21649.5210,-21131.7668,-20614.6455,-20098.0503,-19581.9044,-19066.1481,-18550.7331,-18035.6184,-17520.7688
510,-25564.8737,-25009.3690,-24466.0556,-23929.0678,-23395.5924,-22864.2337,-22334.2721,-21805.3172,-21277.1419,-20749.6024,-20222.5996,-19696.0590,-19169.9218,-18644.1387,-18118.6680
520,-26348.0786,-25768.2495,-25207.2668,-24655.7734,-24109.3700,-23565.9106,-23024.3107,-22483.9970,-21944.6475,-21406.0670,-20868.1262,-20330.7316,-19793.8113,-19257.3063,-18721.1671
530,-27149.4923,-26538.6389,-25956.8848,-25389.3515,-24829.2131,-24273.1977,-23719.6798,-23167.8191,-22617.1576,-22067.4279,-21518.4598,-20970.1355,-20422.3663,-19875.0817,-19328.2231
540,-27975.0215,-27323.0699,-26716.0755,-26130.3609,-25555.3947,-24986.2275,-24420.4404,-23856.8064,-23294.6734,-22733.6730,-22173.5797,-21614.2431,-21055.5541,-20497.4280,-19939.7954
550,-28833.5270,-28125.1373,-27486.4408,-26879.5549,-26288.2791,-25705.1772,-25126.6762,-24550.9939,-23977.2032,-23404.7948,-22833.4679,-22263.0296,-21693.3445,-21124.3106,-20555.8457
560,-29738.5172,-28949.9907,-28270.1809,-27637.9438,-27028.3486,-26430.2806,-25838.4990,-25250.4311,-24664.7630,-24080.7903,-23498.1101,-22916.4727,-22335.7096,-21755.6969,-21176.3378
570,-30710.6420,-29805.1005,-29070.3288,-28406.8785,-27776.2372,-27161.8424,-26556.0548,-25955.1845,-25357.3780,-24761.6620,-24167.4951,-23574.5527,-22982.6233,-22391.5565,-21801.2374
580,-31779.9083,-30701.4384,-29891.0956,-29188.1641,-28532.7742,-27900.2572,-27279.5328,-26665.3421,-26055.0842,-25447.4181,-24841.6151,-24237.2520,-23634.0617,-23031.8605,-22430.5118
590,-32981.4374,-31655.1423,-30738.3849,-29984.2187,-29299.0407,-28646.0320,-28009.1747,-27381.0172,-26757.9304,-26138.0733,-25520.4664,-24904.5557,-24290.0025,-23676.5815,-23064.1297
600,-34332.7233,-32689.0828,-31620.5525,-30798.2970,-30076.4442,-29399.8150,-28745.2876,-28102.3545,-27465.9808,-26833.6504,-26204.0492,-25576.4511,-24950.4252,-24325.6937,-23702.0614
610,-35807.1985,-33831.2483,-32549.4542,-31634.8112,-30866.8187,-30162.4316,-29488.2580,-28829.5360,-28179.3175,-27534.1812,-26892.3685,-26252.9283,-25615.3109,-24979.1724,-24344.2781
620,-37353.6623,-35102.7997,-33541.5548,-32499.7864,-31672.5609,-30934.9310,-30238.5701,-29562.7889,-28898.0446,-28239.7079,-27585.4348,-26933.9805,-26284.6427,-25636.9942,-24990.7520
630,-38934.2582,-36496.9175,-34617.8733,-33401.4796,-32496.8173,-31718.6453,-30996.8282,-30302.3950,-29622.2916,-28950.2853,-28283.2644,-27619.6037,-26958.4053,-26299.1371,-25641.4565
640,-40530.6901,-37977.4503,-35799.3635,-34351.1035,-33343.7403,-32515.2685,-31763.7834,-31048.7011,-30352.2186,-29665.9827,-28985.8813,-28309.7979,-27636.5853,-26965.5799,-26296.3657
650,-42135.4136,-39505.8721,-37094.4863,-35363.2734,-34218.8315,-33326.9591,-32540.3677,-31802.1319,-31088.0212,-30386.8866,-29693.3172,-29004.5667,-28319.1716,-27636.3029,-26955.4546
660,-43745.3630,-41058.2259,-38487.8397,-36454.9621,-35129.3656,-34156.4772,-33327.7371,-32563.2059,-31829.9374,-31113.1030,-30405.6136,-29703.9188,-29006.1551,-28311.2876,-27618.6988
670,-45359.2259,-42622.9273,-39948.0176,-37640.7056,-36084.8050,-35007.3630,-34127.3264,-33332.5535,-32578.2544,-31844.7608,-31122.8227,-30407.8678,-29697.5297,-28990.5167,-28286.0751
680,-46976.3919,-44194.8156,-41446.5006,-38923.6148,-37096.8804,-35884.1624,-34940.9179,-34110.9402,-33333.3173,-32582.0155,-31845.0094,-31116.4337,-30393.2920,-29673.9746,-28957.5608
690,-48596.5479,-45771.5748,-42965.6334,-40289.6800,-38178.5371,-36792.6846,-35770.7311,-34899.2939,-34095.5390,-33325.0531,-32572.2528,-31829.6429,-31093.4420,-30361.6473,-29633.1341
700,-50219.5159,-47352.1129,-44496.3060,-41714.4593,-39340.5571,-37740.2268,-36619.5333,-35698.7394,-34865.4119,-34074.0944,-33304.6483,-32547.5299,-31797.9832,-31053.5224,-30312.7743
710,-51845.1832,-48935.8773,-46034.0927,-43175.3468,-40585.8931,-38735.5751,-37490.7730,-36510.6412,-35643.5217,-34829.4006,-34042.3095,-33270.1377,-32506.9236,-31749.5897,-30996.4615
720,-53473.4714,-50522.5653,-47576.8310,-44657.2260,-41905.7356,-39788.3797,-38388.7275,-37336.6545,-36430.5639,-35591.2790,-34785.3712,-33997.5192,-33220.2758,-32449.8414,-31684.1770
730,-55104.3206,-52111.9967,-49123.4225,-46151.5305,-43282.5307,-40907.3187,-39318.6287,-38178.7887,-37227.3635,-36360.0898,-35533.9914,-34729.7382,-33938.0574,-33154.2720,-32375.9035
740,-56737.6823,-53704.0546,-50673.2776,-47653.7125,-44697.7325,-42096.8817,-40286.6886,-39039.4809,-38034.8985,-37136.2539,-36288.3549,-35466.8709,-34660.2922,-33862.8789,-33071.6249
750,-58373.5147,-55298.6568,-52226.0594,-49161.3754,-46137.1228,-43354.2330,-41299.8535,-39921.6751,-38854.3280,-37920.2620,-37048.6760,-36209.0069,-35387.0103,-34575.6626,-33771.3266
760,-60011.7800,-56895.7412,-53781.5619,-50673.2263,-47591.5950,-44669.0623,-42365.0338,-40828.8964,-39687.0248,-38712.6850,-37815.2025,-36956.2510,-36118.2488,-35292.6271,-34474.9958
770,-61652.4440,-58495.2579,-55339.6505,-52188.5397,-49055.8078,-46027.3021,-43487.5940,-41765.2903,-40534.6133,-39514.1862,-38588.2201,-37708.7248,-36854.0529,-36013.7802,-35182.6215
780,-63295.4743,-60097.1644,-56900.2313,-53706.8881,-50526.7214,-47415.6950,-44669.3317,-42735.5710,-41399.0108,-40325.5351,-39368.0563,-38466.5683,-37594.4762,-36739.1338,-35894.1949
790,-64940.8401,-61701.4234,-58463.2345,-55228.0069,-52002.5993,-48824.1878,-45906.9996,-43744.7869,-42282.4677,-41147.6241,-40155.0864,-39229.9418,-38339.5818,-37468.7043,-36609.7092
800,-66588.5120,-63308.0011,-60028.6051,-56751.7230,-53482.4270,-50246.0622,-47192.6894,-44797.7862,-43187.6009,-41981.4859,-40949.7389,-39999.0280,-39089.4429,-38202.5130,-37329.1601
810,-68238.4617,-64916.8660,-61596.2976,-58277.9170,-54965.5922,-51677.1078,-48516.1303,-45898.3172,-44117.4019,-42828.3137,-41752.5023,-40774.0345,-39844.1439,-38940.5867,-38052.5461
820,-69890.6617,-66527.9885,-63166.2732,-59806.5023,-56451.7111,-53114.7489,-49867.3563,-47047.9037,-45075.1954,-43689.4823,-42563.9326,-41555.1958,-40603.7813,-39682.9577,-38779.8683
830,-71545.0853,-68141.3403,-64738.4970,-61337.4127,-57940.5331,-54557.4082,-51238.2981,-48244.9634,-46064.5079,-44566.5669,-43384.6615,-42342.7765,-41368.4647,-40429.6644,-39511.1311
840,-73201.7067,-69756.8945,-66312.9376,-62870.5954,-59431.8875,-56004.1051,-52623.1162,-49484.7739,-47088.7995,-45461.3585,-44215.4051,-43137.0740,-42138.3175,-41180.7522,-40246.3419
850,-74860.5006,-71374.6249,-67889.5655,-64406.0064,-60925.6532,-57454.2151,-54017.8475,-50760.4749,-48151.0277,-46375.8676,-45056.9743,-43938.4218,-42913.4787,-41936.2730,-40985.5119
860,-76521.4423,-72994.5064,-69468.3531,-65943.6079,-62421.7409,-58907.3291,-55419.8832,-52064.5931,-49253.0728,-47312.3078,-45910.2833,-44747.1933,-43694.1036,-42696.2867,-41728.6556
870,-78184.5078,-74616.5143,-71049.2743,-67483.3663,-63920.0814,-60363.1709,-56827.5208,-53390.3175,-50395.1678,-48273.0440,-46776.3600,-45563.8054,-44480.3654,-43460.8608,-42475.7918
880,-79849.6735,-76240.6249,-72632.3039,-69025.2513,-65420.6197,-61821.5475,-58239.6436,-54732.1363,-51575.5748,-49260.4894,-47656.3524,-46388.7225,-45272.4562,-44230.0717,-43226.9432
890,-81516.9166,-77866.8148,-74217.4176,-70569.2348,-66923.3102,-63282.3202,-59655.5087,-56085.9177,-52790.7210,-50276.9349,-48551.5325,-47222.4613,-46070.5890,-45004.0045,-43982.1369
900,-83186.2146,-79495.0614,-75804.5920,-72115.2904,-68428.1141,-64745.3854,-61074.6124,-57448.7025,-54035.7959,-51324.3046,-49463.2932,-48065.5943,-46874.9988,-45782.7541,-44741.4046
910,-84857.5455,-81125.3426,-77393.8044,-73663.3934,-69934.9971,-66210.6638,-62496.6058,-58818.4209,-55305.5612,-52403.8604,-50393.1338,-48918.7547,-47685.9447,-46566.4256,-45504.7828
920,-86530.8877,-82757.6365,-78985.0327,-75213.5199,-71443.9289,-67678.0922,-63921.2412,-60193.6366,-56595.0590,-53515.9142,-51342.6300,-49782.6396,-48503.7111,-47355.1346,-46272.3132
930,-88206.2203,-84391.9221,-80578.2553,-76765.6471,-72954.8815,-69147.6193,-65348.3386,-61573.3513,-57900.0341,-54659.6406,-52313.3813,-50658.0121,-49328.6099,-48149.0084,-47044.0424
940,-89883.5226,-86028.1787,-82173.4511,-78319.7531,-74467.8291,-70619.2019,-66777.7637,-62956.8650,-59217.0732,-55833.0766,-53306.9307,-51545.7028,-50160.9821,-48948.1861,-47820.0228
950,-91562.7744,-87666.3859,-83770.5997,-79875.8165,-75982.7474,-72092.8028,-68209.4138,-64343.6806,-60543.5565,-57033.3385,-54324.6549,-52446.6067,-51001.1997,-49752.8195,-48600.3124
960,-93243.9560,-89306.5238,-85369.6809,-81433.8166,-77499.6135,-73568.3894,-69643.2085,-65733.4392,-61877.5270,-58256.9918,-55367.6288,-53361.6772,-51849.6669,-50563.0739,-49384.9753
970,-94927.0479,-90948.5730,-86970.6752,-82993.7334,-79018.4055,-75045.9324,-71079.0833,-67125.8778,-63217.5429,-59500.4605,-56436.4816,-54291.9132,-52706.8217,-51379.1285,-50174.0817
980,-96612.0312,-92592.5145,-88573.5633,-84555.5472,-80539.1023,-76525.4051,-72516.9851,-68520.7996,-64562.5470,-60760.3612,-57531.2698,-55238.3395,-53573.1368,-52201.1772,-50967.7082
990,-98298.8872,-94238.3295,-90178.3264,-86119.2388,-82061.6838,-78006.7829,-73956.8692,-69918.0548,-65911.7628,-62033.7116,-58651.4030,-56201.9762,-54449.1195,-53029.4295,-51765.9383
1000,-99987.5976,-95885.9998,-91784.9460,-87684.7896,-83586.1302,-79490.0426,-75398.6973,-71317.5271,-67264.6166,-63318.0133,-59795.6483,-57183.7981,-55335.3111,-53864.1105,-52568.8622
1010,-101678.1445,-97535.5072,-93393.4041,-89252.1811,-85112.4226,-80975.1626,-76842.4360,-72719.1248,-68620.6808,-64611.2467,-60962.2244,-58184.6825,-56232.2845,-54705.4622,-53376.5774
1020,-103370.5104,-99186.8343,-95003.6829,-90821.3956,-86640.5424,-82462.1221,-78288.0555,-74122.7735,-69979.6328,-65911.8178,-62148.9650,-59205.3479,-57140.6405,-55553.7434,-54189.1890
1030,-105064.6780,-100839.9637,-96615.7652,-92392.4154,-88170.4717,-83950.9015,-79735.5287,-75528.4126,-71341.2265,-67218.4862,-63353.5139,-60246.2893,-58061.0011,-56409.2301,-55006.8094
1040,-106760.6303,-102494.8784,-98229.6338,-93965.2234,-89702.1927,-85441.4817,-81184.8311,-76935.9911,-72705.2715,-68530.2939,-64573.5101,-61307.7164,-58994.0007,-57272.2157,-55829.5591
1050,-108458.3507,-104151.5618,-99845.2721,-95539.8027,-91235.6884,-86933.8444,-82635.9397,-78345.4658,-74071.6186,-69846.5025,-65806.7302,-62389.5074,-59940.2731,-58143.0108,-56657.5665
1060,-110157.8230,-105809.9976,-101462.6636,-97116.1368,-92770.9419,-88427.9717,-84088.8331,-79756.7993,-75440.1490,-71166.5419,-67051.1788,-63491.1879,-60900.4351,-59021.9421,-57490.9682
1070,-111859.0311,-107470.1697,-103081.7923,-98694.2095,-94307.9368,-89923.8465,-85543.4913,-81169.9586,-76810.7671,-72489.9701,-68305.1286,-64611.9413,-61875.0666,-59909.3519,-58329.9092
1080,-113561.9592,-109132.0623,-104702.6422,-100274.0049,-95846.6569,-91421.4521,-86999.8950,-82584.9144,-78183.3944,-73816.4420,-69567.1240,-65750.6534,-62864.6858,-60805.5960,-59174.5428
1090,-115266.5920,-110795.6600,-106325.1980,-101855.5074,-97387.0864,-92920.7720,-88458.0259,-84001.6404,-79557.9661,-75145.6865,-70835.9611,-66905.9829,-63869.7233,-61711.0415,-60025.0307
1100,-116972.9142,-112460.9476,-107949.4444,-103438.7017,-98929.2098,-94421.7902,-89917.8665,-85420.1123,-80934.4272,-76477.4881,-72110.6573,-68076.4480,-64890.4940,-62626.0629,-60881.5428
1110,-118680.9109,-114127.9100,-109575.3664,-105023.5726,-100473.0120,-95924.4913,-91379.3998,-86840.3078,-82312.7313,-77811.6746,-73390.4164,-69260.5135,-65927.1712,-63551.0384,-61744.2572
1120,-120390.5675,-115796.5328,-111202.9492,-106610.1056,-102018.4780,-97428.8600,-92842.6094,-88262.2063,-83692.8378,-79148.1065,-74674.5962,-70456.6676,-66979.7647,-64486.3438,-62613.3597
1130,-122101.8696,-117466.8014,-112832.1785,-108198.2860,-103565.5933,-98934.8812,-94307.4796,-89685.7882,-85074.7116,-80486.6697,-75962.6791,-71663.4809,-68048.1071,-65432.3455,-63489.0433
1140,-123814.8030,-119138.7016,-114463.0400,-109788.0995,-105114.3434,-100442.5405,-95773.9947,-91111.0350,-86458.3212,-81827.2703,-77254.2472,-72879.6448,-69131.8496,-66389.3934,-64371.5079
1150,-125529.3538,-120812.2195,-116095.5198,-111379.5323,-106664.7142,-101951.8234,-97242.1399,-92537.9293,-87843.6386,-83169.8296,-78548.9625,-74103.9914,-70230.4701,-67357.8104,-65260.9587
1160,-127245.5082,-122487.3415,-117729.6041,-112972.5704,-108216.6919,-103462.7159,-98711.9005,-93966.4544,-89230.6384,-84514.2815,-79846.5501,-75335.4996,-71343.2926,-68337.8831,-66157.6059
1170,-128963.2530,-124164.0540,-119365.2794,-114567.2004,-109770.2628,-104975.2041,-100183.2621,-95396.5941,-90619.2974,-85860.5696,-81146.7855,-76573.2890,-72469.5160,-69329.8508,-67061.6628
1180,-130682.5747,-125842.3438,-121002.5325,-116163.4089,-111325.4136,-106489.2746,-101656.2108,-96828.3330,-92009.5941,-87208.6453,-82449.4841,-77816.6095,-73608.2491,-70333.8942,-67973.3441
1190,-132403.4604,-127522.1978,-122641.3503,-117761.1828,-112882.1311,-108004.9141,-103130.7330,-98261.6561,-93401.5085,-88558.4662,-83754.4930,-79064.8269,-74758.5482,-71350.1256,-68892.8639
1200,-134125.8973,-129203.6033,-124281.7199,-119360.5093,-114440.4023,-109522.1094,-104606.8150,-99696.5490,-94795.0220,-89909.9954,-85061.6851,-80317.4071,-75919.4527,-72378.5799,-69820.4334
1210,-135849.8728,-130886.5476,-125923.6288,-120961.3757,-116000.2146,-111040.8477,-106084.4440,-101132.9976,-96190.1170,-91263.1998,-86370.9536,-81573.9021,-77090.0166,-73419.2079,-70756.2580
1220,-137575.3744,-132571.0184,-127567.0644,-122563.7696,-117561.5554,-112561.1164,-107563.6069,-102570.9881,-97586.7767,-92618.0501,-87682.2082,-82833.9362,-78269.3329,-74471.8726,-71700.5341
1230,-139302.3900,-134257.0033,-129212.0147,-124167.6786,-119124.4123,-114082.9030,-109044.2911,-104010.5073,-98984.9854,-93974.5195,-88995.3720,-84097.1941,-79456.5517,-75536.3492,-72653.4456
1240,-141030.9076,-135944.4903,-130858.4674,-125773.0907,-120688.7734,-115606.1955,-110526.4842,-105451.5421,-100384.7278,-95332.5839,-90310.3791,-85363.4110,-80650.8914,-76612.3286,-73615.1605
1250,-142760.9153,-137633.4678,-132506.4109,-127379.9941,-122254.6266,-117130.9817,-112010.1739,-106894.0798,-101785.9892,-96692.2210,-91627.1723,-86632.3637,-81851.6437,-77699.4247,-74585.8263
1260,-144492.4015,-139323.9238,-134155.8333,-128988.3770,-123821.9602,-118657.2498,-113495.3485,-108338.1080,-103188.7557,-98053.4103,-92945.7020,-87903.8638,-83058.1747,-78797.1851,-75565.5666
1270,-146225.3546,-141015.8471,-135806.7233,-130598.2279,-125390.7628,-120184.9883,-114981.9959,-109783.6143,-104593.0136,-99416.1327,-94265.9245,-89177.7513,-84269.9227,-79905.1038,-76554.4769
1280,-147959.7636,-142709.2264,-137459.0694,-132209.5355,-126961.0228,-121714.1857,-116470.1047,-111230.5870,-105998.7498,-100780.3703,-95587.8012,-90453.8899,-85486.3933,-81022.6359,-77552.6209
1290,-149695.6171,-144404.0503,-139112.8606,-133822.2887,-128532.7292,-123244.8307,-117959.6635,-112679.0142,-107405.9515,-102146.1063,-96911.2976,-91732.1630,-86707.1539,-82149.2115,-78560.0272
1300,-151432.9043,-146100.3082,-140768.0860,-135436.4764,-130105.8708,-124776.9122,-119450.6610,-114128.8846,-108814.6063,-103513.3248,-98236.3830,-93012.4704,-87931.8272,-83284.2510,-79576.6866
1310,-153171.6143,-147797.9890,-142424.7346,-137052.0878,-131680.4369,-126310.4195,-120943.0863,-115580.1867,-110224.7021,-104882.0106,-99563.0293,-94294.7254,-89160.0854,-84427.1768,-80602.5502
1320,-154911.7366,-149497.0822,-144082.7958,-138669.1123,-133256.4168,-127845.3416,-122436.9285,-117032.9095,-111636.2271,-106252.1493,-100891.2112,-95578.8527,-90391.6436,-85577.4247,-81637.5289
1330,-156653.2606,-151197.5774,-145742.2593,-140287.5394,-134833.7999,-129381.6680,-123932.1770,-118487.0422,-113049.1697,-107623.7270,-102220.9055,-96864.7865,-91626.2547,-86734.4523,-82681.4927
1340,-158396.1761,-152899.4641,-147403.1145,-141907.3586,-136412.5758,-130919.3883,-125428.8212,-119942.5739,-114463.5188,-108996.7306,-103552.0907,-98152.4691,-92863.7040,-87897.7456,-83734.2729
1350,-160140.4729,-154602.7323,-149065.3514,-143528.5599,-137992.7343,-132458.4923,-126926.8507,-121399.4943,-115879.2631,-110371.1473,-104884.7471,-99441.8496,-94103.8048,-89066.8231,-84795.6637
1360,-161886.1409,-156307.3718,-150728.9599,-145151.1331,-139574.2653,-133998.9698,-128426.2554,-122857.7928,-117296.3920,-111746.9646,-106218.8561,-100732.8827,-95346.3947,-90241.2384,-85865.4259
1370,-163633.1703,-158013.3728,-152393.9300,-146775.0684,-141157.1590,-135540.8108,-129927.0253,-124317.4594,-118714.8948,-113124.1706,-107554.4006,-102025.5281,-96591.3320,-91420.5813,-86943.2911
1380,-165381.5513,-159720.7256,-154060.2522,-148400.3559,-142741.4055,-137084.0056,-131429.1504,-125778.4840,-120134.7612,-114502.7538,-108891.3643,-103319.7496,-97838.4925,-92604.4771,-88028.9662
1390,-167131.2744,-161429.4205,-155727.9166,-150026.9862,-144326.9952,-138628.5444,-132932.6211,-127240.8567,-121555.9809,-115882.7028,-110229.7318,-104615.5144,-99087.7678,-93792.5856,-89122.1389
1400,-168882.3300,-163139.4481,-157396.9140,-151654.9495,-145913.9185,-140174.4177,-134437.4276,-128704.5678,-122978.5439,-117264.0067,-111569.4885,-105912.7930,-100339.0620,-94984.5997,-90222.4831
1410,-170634.7088,-164850.7990,-159067.2348,-153284.2367,-147502.1661,-141721.6160,-135943.5606,-130169.6078,-124402.4403,-118646.6548,-112910.6207,-107211.5585,-101592.2910,-96180.2427,-91329.6640
1420,-172388.4016,-166563.4640,-160738.8699,-154914.8384,-149091.7288,-143270.1302,-137451.0107,-131635.9671,-125827.6605,-120030.6366,-114253.1151,-108511.7860,-102847.3799,-97379.2661,-92443.3432
1430,-174143.3994,-168277.4341,-162411.8102,-156546.7456,-150682.5974,-144819.9511,-138959.7687,-133103.6365,-127254.1950,-121415.9419,-115596.9591,-109813.4529,-104104.2626,-98581.4472,-93563.1835
1440,-175899.6931,-169992.7002,-164086.0468,-158179.9493,-152274.7629,-146371.0696,-140469.8256,-134572.6069,-128682.0343,-122802.5608,-116942.1404,-111116.5382,-105362.8798,-99786.5867,-94688.8524
1450,-177657.2739,-171709.2536,-165761.5707,-159814.4407,-153868.2164,-147923.4769,-141981.1724,-136042.8692,-130111.1693,-124190.4835,-118288.6474,-112421.0224,-106623.1786,-100994.5063,-95820.0263
1460,-179416.1332,-173427.0854,-167438.3733,-161450.2109,-155462.9493,-149477.1641,-143493.8003,-137514.4145,-131541.5909,-125579.7004,-119636.4688,-113726.8872,-107885.1116,-102205.0464,-96956.3925
1470,-181176.2622,-175146.1872,-169116.4459,-163087.2514,-157058.9529,-151032.1226,-145007.7005,-138987.2341,-132973.2901,-126970.2021,-120985.5936,-115034.1156,-109148.6359,-103418.0643,-98097.6517
1480,-182937.6526,-176866.5503,-170795.7800,-164725.5537,-158656.2185,-152588.3440,-146522.8646,-140461.3192,-134406.2582,-128361.9793,-122336.0111,-116342.6917,-110413.7128,-104633.4323,-99243.5195
1490,-184700.2960,-178588.1665,-172476.3674,-166365.1094,-160254.7380,-154145.8196,-148039.2840,-141936.6614,-135840.4865,-129755.0231,-123687.7112,-117652.6003,-111680.3072,-105851.0359,-100393.7273
