# T/K,mu (10.0 Pa) / J mol-1,mu (20.6913808111 Pa) / J mol-1,mu (42.8133239872 Pa) / J mol-1,mu (88.586679041 Pa) / J mol-1,mu (183.298071083 Pa) / J mol-1,mu (379.269019073 Pa) / J mol-1,mu (784.759970351 Pa) / J mol-1,mu (1623.77673919 Pa) / J mol-1,mu (3359.81828628 Pa) / J mol-1,mu (6951.92796178 Pa) / J mol-1,mu (14384.4988829 Pa) / J mol-1,mu (29763.5144163 Pa) / J mol-1,mu (61584.8211066 Pa) / J mol-1,mu (127427.49857 Pa) / J mol-1,mu (263665.089873 Pa) / J mol-1,mu (545559.478117 Pa) / J mol-1,mu (1128837.89168 Pa) / J mol-1,mu (2335721.46909 Pa) / J mol-1,mu (4832930.23857 Pa) / J mol-1,mu (10000000.0 Pa) / J mol-1
200,-386.5214,-235.3785,-84.2357,66.9072,218.0500,369.1929,520.3357,671.4785,822.6214,973.7642,1124.9070,1276.0498,1427.1927,1578.3355,1729.4783,1880.6211,2031.7640,2182.9068,2334.0496,2485.1924
210,-947.7005,-789.0005,-630.3004,-471.6004,-312.9004,-154.2003,4.4997,163.1997,321.8997,480.5997,639.2997,797.9997,956.6997,1115.3996,1274.0996,1432.7996,1591.4996,1750.1996,1908.8995,2067.5995
220,-1517.0550,-1350.7977,-1184.5404,-1018.2832,-852.0259,-685.7687,-519.5114,-353.2542,-186.9970,-20.7398,145.5174,311.7746,478.0318,644.2889,810.5461,976.8033,1143.0604,1309.3175,1475.5747,1641.8318
230,-2094.3762,-1920.5615,-1746.7468,-1572.9322,-1399.1176,-1225.3030,-1051.4884,-877.6739,-703.8594,-530.0450,-356.2305,-182.4161,-8.6017,165.2127,339.0271,512.8415,686.6558,860.4702,1034.2845,1208.0989
240,-2679.4619,-2498.0895,-2316.7172,-2135.3450,-1953.9728,-1772.6008,-1591.2288,-1409.8568,-1228.4849,-1047.1130,-865.7412,-684.3694,-502.9977,-321.6259,-140.2543,41.1174,222.4890,403.8606,585.2322,766.6038
250,-3272.1172,-3083.1867,-2894.2563,-2705.3262,-2516.3961,-2327.4663,-2138.5365,-1949.6068,-1760.6773,-1571.7478,-1382.8184,-1193.8891,-1004.9598,-816.0306,-627.1015,-438.1724,-249.2434,-60.3144,128.6145,317.5434
260,-3872.1547,-3675.6653,-3479.1763,-3282.6876,-3086.1991,-2889.7109,-2693.2229,-2496.7350,-2300.2474,-2103.7600,-1907.2727,-1710.7855,-1514.2985,-1317.8116,-1121.3248,-924.8381,-728.3515,-531.8650,-335.3786,-138.8922
270,-4479.3952,-4275.3458,-4071.2970,-3867.2486,-3663.2008,-3459.1534,-3255.1064,-3051.0598,-2847.0135,-2642.9675,-2438.9218,-2234.8763,-2030.8311,-1826.7861,-1622.7412,-1418.6966,-1214.6521,-1010.6078,-806.5636,-602.5195
280,-5093.6679,-4882.0566,-4670.4463,-4458.8369,-4247.2283,-4035.6205,-3824.0134,-3612.4069,-3400.8009,-3189.1955,-2977.5906,-2765.9860,-2554.3819,-2342.7782,-2131.1748,-1919.5717,-1707.9688,-1496.3662,-1284.7639,-1073.1617
290,-5714.8110,-5495.6352,-5276.4610,-5057.2883,-4838.1169,-4618.9468,-4399.7778,-4180.6098,-3961.4428,-3742.2767,-3523.1113,-3303.9467,-3084.7827,-2865.6193,-2646.4565,-2427.2941,-2208.1322,-1988.9708,-1769.8097,-1550.6490
300,-6342.6725,-6115.9283,-5889.1866,-5662.4474,-5435.7103,-5208.9752,-4982.2419,-4755.5102,-4528.7801,-4302.0514,-4075.3239,-3848.5976,-3621.8723,-3395.1480,-3168.4245,-2941.7019,-2714.9800,-2488.2587,-2261.5381,-2034.8180
310,-6977.1103,-6742.7923,-6508.4783,-6274.1680,-6039.8610,-5805.5572,-5571.2562,-5336.9578,-5102.6617,-4868.3678,-4634.0758,-4399.7856,-4165.4971,-3931.2100,-3696.9243,-3462.6399,-3228.3565,-2994.0743,-2759.7929,-2525.5125
320,-7617.9930,-7376.0938,-7134.2008,-6892.3134,-6650.4311,-6408.5534,-6166.6801,-5924.8106,-5682.9447,-5441.0820,-5199.2223,-4957.3653,-4715.5108,-4473.6586,-4231.8084,-3989.9601,-3748.1135,-3506.2684,-3264.4249,-3022.5826
330,-8265.2003,-8015.7103,-7766.2293,-7516.7567,-7267.2916,-7017.8334,-6768.3815,-6518.9354,-6269.4945,-6020.0584,-5770.6267,-5521.1989,-5271.7749,-5022.3542,-4772.9365,-4523.5216,-4274.1092,-4024.6992,-3775.2913,-3525.8853
340,-8918.6235,-8661.5300,-8404.4496,-8147.3812,-7890.3237,-7633.2761,-7376.2376,-7119.2075,-6862.1849,-6605.1693,-6348.1600,-6091.1564,-5834.1582,-5577.1647,-5320.1757,-5063.1906,-4806.2093,-4549.2312,-4292.2563,-4035.2841
350,-9578.1663,-9313.4530,-9048.7583,-8784.0805,-8519.4183,-8254.7701,-7990.1348,-7725.5113,-7460.8985,-7196.2955,-6931.7014,-6667.1155,-6402.5371,-6137.9655,-5873.4001,-5608.8404,-5344.2858,-5079.7361,-4815.1906,-4550.6491
360,-10243.7446,-9971.3908,-9699.0632,-9426.7591,-9154.4766,-8882.2137,-8609.9687,-8337.7400,-8065.5262,-7793.3260,-7521.1382,-7248.9618,-6976.7957,-6704.6391,-6432.4911,-6160.3510,-5888.2181,-5616.0918,-5343.9715,-5071.8566
370,-10915.2876,-10635.2676,-10355.2836,-10075.3321,-9795.4101,-9515.5149,-9235.6442,-8955.7958,-8675.9677,-8396.1582,-8116.3656,-7836.5884,-7556.8255,-7277.0754,-6997.3371,-6717.6095,-6437.8918,-6158.1831,-5878.4825,-5598.7895
380,-11592.7383,-11305.0199,-11017.3507,-10729.7257,-10442.1407,-10154.5918,-9867.0759,-9579.5899,-9292.1313,-9004.6976,-8717.2867,-8429.8965,-8142.5253,-7855.1715,-7567.8334,-7280.5098,-6993.1995,-6705.9011,-6418.6138,-6131.3365
390,-12276.0548,-11980.5976,-11685.2077,-11389.8774,-11094.6006,-10799.3722,-10504.1875,-10209.0426,-9913.9339,-9618.8582,-9323.8127,-9028.7946,-8733.8016,-8438.8316,-8143.8825,-7848.9525,-7554.0400,-7259.1434,-6964.2614,-6669.3927
400,-12965.2117,-12661.9650,-12358.8104,-12055.7360,-11752.7330,-11449.7938,-11146.9122,-10844.0827,-10541.3007,-10238.5619,-9935.8623,-9633.1987,-9330.5678,-9027.9668,-8725.3932,-8422.8445,-8120.3185,-7817.8134,-7515.3273,-7212.8586
410,-13660.2040,-13349.1026,-13038.1283,-12727.2625,-12416.4915,-12105.8044,-11795.1924,-11484.6482,-11174.1654,-10863.7383,-10553.3621,-10243.0321,-9932.7443,-9622.4951,-9312.2811,-9002.0992,-8691.9466,-8381.8209,-8071.7197,-7761.6408
420,-14361.0513,-14042.0095,-13723.1461,-13404.4304,-13085.8410,-12767.3616,-12448.9798,-12130.6853,-11812.4696,-11494.3253,-11176.2457,-10858.2252,-10540.2585,-10222.3408,-9904.4680,-9586.6361,-9268.8416,-8951.0812,-8633.3520,-8315.6513
430,-15067.8067,-14740.7088,-14413.8661,-14087.2274,-13760.7581,-13434.4335,-13108.2352,-12782.1490,-12456.1631,-12130.2677,-11804.4542,-11478.7153,-11153.0441,-10827.4349,-10501.8821,-10176.3808,-9850.9265,-9525.5152,-9200.1433,-8874.8071
440,-15780.5694,-15445.2541,-15110.3125,-14775.6576,-14441.2326,-14106.9989,-13772.9291,-13439.0026,-13105.2033,-12771.5179,-12437.9354,-12104.4461,-11771.0415,-11437.7141,-11104.4570,-10771.2642,-10438.1300,-10105.0494,-9772.0177,-9439.0308
450,-16499.5044,-16155.7414,-15812.5375,-15469.7446,-15127.2686,-14785.0483,-14443.0414,-14101.2180,-13759.5553,-13418.0354,-13076.6437,-12735.3677,-12394.1967,-12053.1211,-11712.1324,-11371.2230,-11030.3861,-10689.6152,-10348.9047,-10008.2493
460,-17224.8715,-16872.3252,-16520.6311,-16169.5374,-15818.8884,-15468.5853,-15118.5627,-14768.7758,-14419.1919,-14069.7866,-13720.5401,-13371.4364,-13022.4617,-12673.6041,-12324.8530,-11976.1989,-11627.6334,-11279.1487,-10930.7379,-10582.3946
470,-17957.0678,-17595.2432,-17234.7344,-16875.1177,-16516.1359,-16157.6292,-15799.4951,-15441.6658,-15084.0937,-14726.7445,-14369.5917,-14012.6140,-13655.7939,-13299.1165,-12942.5685,-12586.1383,-12229.8157,-11873.5910,-11517.4559,-11161.4026
480,-18696.6886,-18324.8503,-17955.0598,-17586.6115,-17219.0835,-16852.2181,-16485.8543,-16119.8880,-15754.2493,-15388.8892,-15023.7714,-14658.8679,-14294.1558,-13929.6165,-13565.2334,-13200.9924,-12836.8808,-12472.8872,-12109.0013,-11745.2138
490,-19444.6144,-19061.6673,-18681.9177,-18304.2042,-17927.8405,-17552.4141,-17177.6718,-16803.4538,-16429.6560,-16056.2077,-15683.0585,-15310.1707,-14937.5149,-14565.0669,-14192.8066,-13820.7164,-13448.7809,-13076.9864,-12705.3206,-12333.7722
500,-20202.1352,-19806.4486,-19415.7551,-19028.1621,-18642.5655,-18258.3100,-17874.9992,-17492.3881,-17110.3208,-16728.6944,-16347.4380,-15966.5004,-15585.8430,-15205.4350,-14825.2510,-14445.2695,-14065.4719,-13685.8416,-13306.3639,-12927.0255
510,-20971.1303,-20560.2772,-20157.2068,-19758.8617,-19363.4826,-18970.0383,-18577.9130,-18186.7320,-17796.2617,-17406.3516,-17016.9011,-16627.8401,-16239.1169,-15850.6919,-15462.5333,-15074.6146,-14686.9132,-14299.4091,-13912.0848,-13524.9246
520,-21754.3352,-21324.6979,-20907.1664,-20496.8279,-20090.9031,-19687.7838,-19286.5216,-18886.5468,-18487.5100,-18089.1909,-17691.4460,-17294.1779,-16897.3174,-16500.8128,-16104.6240,-15708.7180,-15313.0674,-14917.6484,-14522.4401,-14127.4238
530,-22555.7489,-22101.9099,-21666.8837,-21242.7864,-20825.2541,-20411.7995,-20000.9742,-19591.9188,-19184.1129,-18777.2344,-18371.0779,-17965.5076,-17560.4297,-17155.7765,-16751.4965,-16347.5490,-15943.9003,-15540.5219,-15137.3891,-14734.4797
540,-23381.2782,-22895.0510,-22438.1010,-21997.7336,-21567.1160,-21142.4272,-20721.4728,-20302.9659,-19886.1370,-19470.5166,-19055.8106,-18641.8288,-18228.4437,-17815.5653,-17403.1277,-16991.0797,-16579.3801,-16167.9947,-15756.8939,-15346.0520
550,-24239.7837,-23708.6295,-23223.2477,-22763.0311,-22317.2719,-21880.1245,-21448.2866,-21019.8461,-20593.6732,-20169.0869,-19745.6672,-19323.1477,-18901.3537,-18480.1655,-18059.4974,-17639.2850,-17219.4777,-16800.0340,-16380.9190,-15962.1023
560,-25144.7738,-24549.2002,-24025.7261,-23540.5380,-23076.7732,-22625.4987,-22181.7707,-21742.7677,-21306.8424,-20873.0131,-20440.6824,-20009.4778,-19579.1592,-19149.5666,-18720.5883,-18292.1423,-17864.1661,-17436.6095,-17009.4308,-16582.5944
570,-26116.8986,-25426.4295,-24850.3408,-24332.7968,-23847.0271,-23379.3521,-22922.3903,-22472.0025,-22025.8027,-21582.3853,-21140.9048,-20700.8412,-20261.8655,-19823.7626,-19386.3861,-18949.6314,-18513.4206,-18077.6925,-17642.3976,-17207.4940
580,-27186.1649,-26354.7054,-25703.9540,-25143.3031,-24629.9172,-24142.7392,-23670.7505,-23207.9019,-22750.7586,-22297.3208,-21846.3989,-21397.2701,-20949.4841,-20502.7515,-20056.8796,-19611.7344,-19167.2183,-18723.2565,-18279.7896,-17836.7684
590,-28387.6940,-27355.1230,-26596.4727,-25976.9028,-25427.9714,-24917.0447,-24427.6339,-23950.9166,-23481.9715,-23017.9703,-22557.2494,-22098.8089,-21642.0339,-21186.5359,-20732.0608,-20278.4359,-19825.5382,-19373.2762,-18921.5783,-18470.3864
600,-29738.9800,-28455.9304,-27542.2119,-26840.3787,-26244.5999,-25704.0866,-25194.0506,-24701.6222,-24219.7733,-23744.5252,-23273.5645,-22805.5157,-22339.5426,-21875.1240,-21411.9251,-20949.7227,-20488.3614,-20027.7282,-19567.7366,-19108.3180
610,-31213.4551,-29684.8874,-28561.1997,-27743.2865,-27084.4375,-26506.2591,-25971.3017,-25460.7495,-24964.5824,-24477.2262,-23995.4814,-23517.4658,-23042.0478,-22568.5302,-22096.4720,-21625.5844,-21155.6705,-20686.5901,-20218.2388,-19750.5347
620,-32759.9189,-31047.5953,-29678.2297,-28698.9966,-27953.8294,-27326.7297,-26761.0643,-26229.2249,-25716.9235,-25216.3737,-24723.1713,-24234.7547,-23749.5991,-23266.7760,-22785.7053,-22306.0133,-21827.4501,-21349.8415,-20873.0601,-20397.0086
630,-34340.5148,-32513.8220,-30914.3377,-29725.4096,-28861.4852,-28169.7142,-27565.5051,-27008.2203,-26477.4517,-25962.3405,-25456.8468,-24957.5012,-24462.2599,-23969.8909,-23479.6336,-22991.0049,-22503.6870,-22017.4629,-21532.1771,-21047.7131
640,-35936.9467,-34040.2706,-32269.3905,-30843.4139,-29819.2189,-29040.8519,-28387.4343,-27799.2186,-27246.9832,-26715.5866,-26196.7694,-25685.8527,-25180.1100,-24677.9144,-24178.2715,-23680.5580,-23184.3700,-22689.4365,-22195.5671,-21702.6223
650,-37541.6702,-35596.6515,-33715.4978,-32069.3929,-30842.3012,-29947.6870,-29230.5127,-28604.1004,-28026.5329,-27476.6776,-26943.2587,-26419.9892,-25903.2484,-25390.8968,-24881.6400,-24374.6754,-23869.4904,-23365.7460,-22863.2089,-22361.7112
660,-39151.6196,-37167.8527,-35216.3213,-33402.2218,-31948.0068,-30900.1735,-30099.5254,-29425.2559,-28817.3628,-28246.3064,-27696.7036,-27160.1299,-26631.7961,-26108.9015,-25589.7677,-25073.3646,-24559.0421,-24046.3768,-23535.0821,-23024.9555
670,-40765.4825,-38747.2280,-36745.9533,-34819.0192,-33149.9834,-31910.8686,-31000.7185,-30265.7339,-29621.0431,-29025.3210,-28457.5753,-27906.5392,-27365.9001,-26832.0067,-26302.6919,-25776.6377,-25253.0221,-24731.3162,-24211.1676,-23692.3317
680,-42382.6485,-40331.8858,-38290.6552,-36289.2115,-34448.8310,-32993.9058,-31942.1415,-31129.4301,-30439.5318,-29814.7579,-29226.4428,-28659.5347,-28105.7370,-27560.3078,-27020.4596,-26484.5131,-25951.4307,-25420.5532,-24891.4474,-24363.8174
690,-44002.8046,-41920.5108,-39843.9494,-37789.3769,-35827.8785,-34161.2795,-32933.7923,-32021.3151,-31275.2748,-30615.8842,-30003.9913,-29419.4961,-28851.5180,-28293.9195,-27743.1294,-27197.0153,-26654.2721,-26114.0795,-25575.9051,-25039.3907
700,-45625.7725,-43512.4614,-41402.8338,-39306.0144,-37261.8749,-35416.2963,-33987.0487,-32947.6660,-32131.3311,-31430.2504,-30791.0455,-30186.8760,-29603.4941,-29032.9792,-28470.7725,-27914.1766,-27361.5550,-26811.8890,-26264.5256,-25719.0309
710,-47251.4399,-45107.3973,-42965.8703,-40832.2575,-38729.0354,-36748.9887,-35112.5250,-33916.1958,-33011.5215,-32259.7557,-31588.5968,-30962.2119,-30361.9618,-29777.6496,-29203.4748,-28636.0375,-28073.2927,-27513.9788,-26957.2955,-26402.7181
720,-48879.7280,-46705.1214,-44532.3298,-42364.7218,-40215.3721,-38139.8655,-36315.8918,-34935.8212,-33920.5833,-33106.7279,-32397.8372,-31746.1409,-31127.2704,-30528.1223,-29941.3384,-29362.6480,-28789.5040,-28220.3488,-27654.2034,-27090.4336
730,-50510.5772,-48305.5091,-46101.8161,-43901.7083,-41713.1241,-39568.9675,-37593.5847,-36015.6056,-34864.2824,-33974.0168,-33220.2001,-32539.4177,-31899.8295,-31284.6218,-30684.4840,-30094.0686,-29510.2142,-28931.0027,-28355.2400,-27782.1601
740,-52143.9390,-49908.4742,-47674.0974,-45442.3267,-43218.2074,-41021.5521,-38932.7424,-37162.4246,-35849.3663,-34865.0947,-34057.4093,-33342.9348,-32680.1187,-32047.4098,-31433.0527,-30830.3717,-30235.4549,-29645.9483,-29060.3982,-28477.8815
750,-53779.7713,-51513.9524,-49249.0274,-46986.0836,-44728.4734,-42488.5124,-40316.5060,-38377.7530,-36883.1381,-35784.1441,-34911.5363,-34157.7476,-33468.6979,-32816.7902,-32187.2091,-31571.6427,-30965.2656,-30365.1975,-29769.6736,-29177.5832
760,-55418.0367,-53121.8922,-50826.5065,-48532.6884,-46242.7599,-43964.6705,-41729.8897,-39655.6647,-37972.3587,-36736.0841,-35785.0628,-34985.1038,-34266.2201,-33593.1146,-32947.1433,-32317.9813,-31699.6940,-31088.7672,-30483.0646,-29881.2524
770,-57058.7006,-54732.2505,-52406.4621,-50081.9588,-47760.4112,-45447.1532,-43162.2390,-40984.3283,-39121.3617,-37726.4468,-36680.9416,-35826.4763,-35073.4457,-34376.7890,-33713.0744,-33069.5036,-32438.7969,-31816.6797,-31200.5727,-30588.8781
780,-58701.7309,-56344.9890,-53988.8375,-51633.7725,-49281.0388,-46934.3509,-44606.8535,-42350.1918,-40329.9602,-38760.9576,-37602.6385,-36683.6014,-35891.2596,-35168.2807,-34485.2539,-33826.3433,-33182.6414,-32548.9630,-31922.2029,-31300.4515
790,-60347.0967,-57960.0733,-55573.5863,-53188.0425,-50804.4000,-48425.3368,-46059.7490,-43741.6017,-41592.5622,-39844.6708,-38554.1225,-37558.5170,-36720.6902,-35968.1268,-35263.9690,-34588.6534,-33931.3053,-33285.6517,-32647.9639,-32015.9658
800,-61994.7686,-59577.4712,-57160.6686,-54744.7031,-52330.3346,-49919.5573,-47518.5903,-45150.1268,-42899.5560,-40980.6636,-39539.7458,-38453.5974,-37562.9307,-36776.9440,-36049.5472,-35356.6086,-34684.8786,-34026.7870,-33377.8686,-32735.4167
810,-63644.7183,-61197.1527,-58750.0488,-56303.7019,-53858.7313,-51416.6672,-48981.9956,-46570.2350,-44240.1650,-42168.6991,-40563.9343,-39371.5726,-38419.3628,-37595.4386,-36842.3608,-36130.4072,-35443.4643,-34772.4178,-34111.9342,-33458.8027
820,-65296.9183,-62819.0890,-60341.6946,-57864.9951,-55389.5085,-52916.4417,-50449.1277,-47998.4631,-45604.8790,-43404.6667,-41630.6141,-40315.5124,-39291.5784,-38424.4191,-37642.8322,-36910.2734,-36207.1797,-35522.6010,-34850.1825,-34186.1249
830,-66951.3419,-64443.2525,-61935.5758,-59428.5450,-56922.6033,-54418.7275,-51919.4634,-49432.6726,-46986.4755,-44681.3854,-42742.3833,-41288.7452,-40181.4001,-39264.8084,-38451.4394,-37696.4601,-36976.1573,-36277.4023,-35592.6407,-34917.3877
840,-68607.9633,-66069.6167,-63531.6640,-60994.3178,-58457.9650,-55923.4154,-53392.6642,-50871.5358,-48379.9407,-45990.4040,-43899.6375,-42294.6699,-41090.8902,-40117.6579,-39268.7228,-38489.2513,-37750.5466,-37036.8967,-36339.3412,-35652.5986
850,-70266.7572,-67698.1558,-65129.9322,-62562.2825,-59995.5511,-57430.4240,-54868.5030,-52314.2136,-49781.9552,-47323.7561,-45100.0644,-43336.4226,-42022.3416,-40984.1600,-40095.2921,-39288.9657,-38530.5151,-37801.1694,-37090.3224,-36391.7685
860,-71927.6989,-69328.8448,-66730.3543,-64132.4107,-61535.3249,-58939.6901,-56346.8213,-53760.1625,-51190.3629,-48674.9399,-46338.8893,-44416.3933,-42978.2339,-41865.6598,-40931.8331,-40095.9599,-39316.2500,-38570.3161,-37845.6287,-37134.9122
870,-73590.7644,-70961.6593,-68332.9054,-65704.6751,-63077.2535,-60451.1625,-57827.5047,-55209.0207,-52603.7643,-50039.1161,-47609.8452,-45535.6673,-43961.1365,-42763.6603,-41779.1164,-40910.6317,-40107.9596,-39344.4443,-38605.3113,-37882.0484
880,-75255.9302,-72596.5756,-69937.5611,-67279.0502,-64621.3069,-61964.7985,-59310.4670,-56660.5399,-54021.2413,-51412.8741,-48906.3916,-46693.5765,-44973.5381,-43679.8198,-42638.0034,-41733.4244,-40905.8756,-40123.6738,-39369.4283,-38633.1998
890,-76923.1733,-74233.5706,-71544.2979,-68855.5112,-66167.4576,-63480.5611,-60795.6412,-58114.5443,-55442.1809,-52793.8760,-50222.6512,-47887.5861,-46017.5917,-44615.9330,-43509.4537,-42564.8308,-41710.2542,-40908.1376,-40138.0450,-39388.3935
900,-78592.4712,-75872.6216,-73153.0928,-70434.0343,-67715.6795,-64998.4176,-62282.9733,-59570.9056,-56866.1652,-54180.5347,-51553.8525,-49113.6366,-47094.7920,-45573.8880,-44394.5286,-43405.3968,-42521.3786,-41697.9826,-40911.2350,-40147.6612
910,-80263.8021,-77513.7067,-74763.9235,-72014.5967,-69265.9478,-66518.3384,-63772.4185,-61029.5272,-58292.9023,-55571.7703,-52896.3701,-50366.8275,-48205.6452,-46555.5893,-45294.3915,-44255.7264,-43339.5610,-42493.3709,-41689.0797,-40911.0395
920,-81937.1443,-79156.8041,-76376.7682,-73597.1760,-70818.2390,-68040.2963,-65263.9384,-62490.3340,-59722.1833,-56966.8409,-54247.5582,-51642.1635,-49349.4355,-47562.8403,-46210.3014,-45116.4843,-44165.1445,-43294.4808,-42471.6694,-41678.5698
930,-83612.4769,-80801.8927,-77991.6056,-75181.7504,-72372.5305,-69564.2658,-66757.4993,-63953.2660,-61153.8548,-58365.2291,-55605.5267,-52935.1139,-50524.1940,-48597.1806,-47143.5968,-45988.3989,-44998.5054,-44101.5071,-43259.1036,-42450.2990
940,-85289.7792,-82448.9519,-79608.4148,-76768.2989,-73928.8003,-71090.2229,-68253.0712,-65418.2736,-62587.8010,-59766.5678,-56968.9358,-54241.8924,-51726.9170,-49659.6937,-48095.6660,-46872.2638,-45840.0555,-44914.6632,-44051.4916,-43226.2794
950,-86969.0310,-84097.9613,-81227.1754,-78356.8008,-75487.0271,-72618.1449,-69750.6265,-66885.3153,-64023.9325,-61170.5914,-58336.8353,-55559.5071,-52953.9706,-50750.8128,-49067.8984,-47768.9356,-46690.2438,-45734.1815,-44848.9526,-44006.5691
960,-88650.2126,-85748.9012,-82847.8676,-79947.2360,-77047.1904,-74148.0097,-71250.1398,-68354.3550,-65462.1785,-62577.1038,-59708.5461,-56885.6771,-54201.5492,-51870.1770,-50061.6159,-48679.3300,-47549.5580,-46560.3146,-45651.6167,-44791.2320
970,-90333.3045,-87401.7521,-84470.4717,-81539.5848,-78609.2700,-75679.7964,-72751.5874,-69825.3608,-66902.4813,-63985.9573,-61083.5779,-58218.7000,-55466.0533,-53016.5873,-51077.9812,-49604.4106,-48418.5257,-47393.3364,-46459.6251,-45580.3383
980,-92018.2878,-89056.4949,-86094.9687,-83133.8278,-80173.2463,-77213.4846,-74254.9468,-71298.3040,-68344.7929,-65397.0380,-62461.5716,-59557.3179,-56744.3225,-54188.0917,-52117.8897,-50545.1727,-49297.7146,-48233.5432,-47273.1308,-46373.9648
990,-93705.1438,-90713.1110,-87721.3398,-84729.9463,-81739.1003,-78749.0544,-75760.1965,-72773.1586,-69789.0727,-66810.2565,-63842.2603,-60900.6034,-58033.7266,-55382.1871,-53181.8569,-51502.6170,-50187.7311,-49081.2546,-48092.2990,-47172.1949
1000,-95393.8542,-92371.5821,-89349.5667,-86327.9217,-83306.8133,-80286.4868,-77267.3162,-74249.9003,-71235.2852,-68225.5410,-65225.4424,-62247.8704,-59332.1558,-56596.0831,-54269.9211,-52477.7141,-51089.2178,-49936.8136,-48917.3077,-47975.1188
1010,-97084.4011,-94031.8901,-90979.6313,-87927.7360,-84876.3668,-81825.7630,-78776.2859,-75728.5065,-72683.3992,-69642.8326,-66610.9630,-63598.6084,-60637.9586,-57826.9610,-55381.5860,-53471.3576,-52002.8478,-50800.5878,-49748.3482,-48782.8341
1020,-98776.7670,-95694.0176,-92611.5159,-89529.3714,-86447.7431,-83366.8648,-80287.0867,-77208.9559,-74133.3866,-71062.0823,-67998.7012,-64952.4334,-61949.8605,-59072.1753,-56515.8219,-54484.3086,-52929.3164,-51672.9687,-50585.6251,-49595.4456
1030,-100470.9346,-97357.9472,-94245.2034,-91132.8105,-88020.9247,-84909.7743,-81799.7001,-78691.2279,-75585.2218,-72483.2481,-69388.5609,-66309.0535,-63266.8850,-60329.3771,-57671.1332,-55517.1331,-53869.3292,-52554.3712,-51429.3575,-50413.0660
1040,-102166.8869,-99023.6620,-95880.6765,-92738.0363,-89595.8943,-86454.4742,-83314.1079,-80175.3034,-77038.8811,-73906.2937,-70780.4642,-67668.2444,-64588.2850,-61596.5645,-58845.6802,-56570.1417,-54823.5850,-53445.2323,-52279.7783,-51235.8157
1050,-103864.6073,-100691.1452,-97517.9188,-94345.0320,-91172.6351,-88000.9474,-84830.2929,-81661.1634,-78494.3427,-75331.1873,-72174.3473,-69029.8309,-65913.4878,-62872.0816,-60037.4296,-57643.3384,-55792.7545,-54346.0085,-53137.1349,-52063.8231
1060,-105564.0796,-102360.3807,-99156.9138,-95953.7811,-92751.1305,-89549.1771,-86348.2378,-83148.7900,-79951.5856,-76757.9002,-73570.1568,-70393.6748,-67242.0520,-64154.5859,-61244.3045,-58736.3906,-56777.4539,-55257.1720,-54001.6891,-52897.2248
1070,-107265.2877,-104031.3523,-100797.6454,-97564.2677,-94331.3645,-91099.1472,-87867.9260,-84638.1657,-81410.5904,-78186.4064,-74967.8473,-71759.6654,-68573.6352,-65443.0034,-62464.3068,-59848.6272,-57778.2144,-56179.2056,-54873.7164,-53736.1658
1080,-108968.2158,-105704.0443,-102440.0979,-99176.4758,-95913.3211,-92650.8415,-89389.3411,-86129.2735,-82871.3382,-79616.6824,-76367.3796,-73127.7127,-69907.9692,-66736.4813,-63695.6031,-60979.0686,-58795.4487,-57112.5955,-55753.5054,-54580.7994
1090,-110672.8486,-107378.4412,-104084.2558,-100790.3900,-97496.9847,-94204.2443,-90912.4673,-87622.0969,-84333.8111,-81048.7060,-77768.7195,-74497.7427,-71244.8423,-68034.3441,-64936.5708,-62126.4861,-59829.4190,-58057.8222,-56641.3570,-55431.2873
1100,-112379.1708,-109054.5279,-105730.1038,-102405.9949,-99082.3400,-95759.3402,-92437.2889,-89116.6198,-85797.9919,-82482.4566,-79171.8365,-75869.6937,-72584.0854,-69336.0574,-66185.8129,-63289.4794,-60880.2076,-59015.3493,-57537.5827,-56287.7994
1110,-114087.1675,-110732.2893,-107377.6270,-104023.2756,-100669.3719,-97316.1141,-93963.7906,-90612.8266,-87263.8638,-83917.9149,-80576.7033,-77243.5134,-73925.5623,-70641.1967,-67442.1508,-64466.5621,-61947.6964,-59985.6099,-58442.5023,-57150.5138
1120,-115796.8241,-112411.7109,-109026.8108,-105642.2174,-102258.0657,-98874.5511,-95491.9573,-92110.7017,-88731.4107,-85355.0625,-81983.2950,-78619.1569,-75269.1619,-71949.4236,-68704.6041,-65656.2396,-63031.5577,-60968.9910,-59356.4411,-58019.6163
1130,-117508.1262,-114092.7782,-110677.6406,-107262.8057,-103848.4069,-100434.6366,-97021.7745,-93610.2304,-90200.6168,-86793.8818,-83391.5890,-79996.5853,-76614.7926,-73260.4667,-69972.3652,-66857.0747,-64131.2598,-61965.8177,-60279.7265,-58895.3000
1140,-119221.0596,-115775.4771,-112330.1023,-108885.0265,-105440.3812,-101996.3564,-98553.2275,-95111.3978,-91671.4668,-88234.3560,-84801.5639,-81375.7645,-77962.3781,-74574.1070,-71244.7728,-68067.7319,-65246.0869,-62976.3351,-61212.6832,-59777.7645
1150,-120935.6104,-117459.7935,-113984.1819,-110508.8657,-107033.9746,-103559.6962,-100086.3023,-96614.1895,-93143.9460,-89676.4689,-86213.2001,-82756.6641,-79311.8542,-75890.1664,-72521.2863,-69287.0053,-66375.1720,-64000.6926,-62155.6279,-60667.2153
1160,-122651.7649,-119145.7139,-115639.8658,-112134.3095,-108629.1733,-105124.6424,-101620.9848,-98118.5914,-94618.0396,-91120.2049,-87626.4789,-84139.2566,-80663.1660,-77208.4988,-73801.4644,-70513.8294,-67517.5382,-65038.9297,-63108.8634,-61563.8626
1170,-124369.5096,-120833.2248,-117297.1404,-113761.3445,-110225.9639,-106691.1813,-103157.2615,-99624.5897,-96093.7335,-92565.5488,-89041.3827,-85523.5174,-82016.2663,-78528.9836,-75084.9463,-71747.2785,-68672.1434,-66090.9662,-64072.6706,-62467.9194
1180,-126088.8313,-122522.3128,-118955.9925,-115389.9575,-111824.3329,-108259.2996,-104695.1188,-101132.1707,-97571.0138,-94012.4859,-90457.8948,-86909.4236,-83371.1142,-79851.5201,-76371.4360,-72986.5583,-69837.9246,-67156.5967,-65047.3014,-63379.6007
1190,-127809.7170,-124212.9650,-120616.4091,-117020.1352,-113424.2673,-109828.9840,-106234.5437,-102641.3212,-99049.8668,-95461.0020,-91875.9991,-88296.9542,-84727.6736,-81176.0239,-77660.6895,-74230.9936,-71013.8349,-68235.4929,-66032.9700,-64299.1205
1200,-129532.1539,-125905.1686,-122278.3772,-118651.8649,-115025.7542,-111400.2218,-107775.5230,-104152.0281,-100530.2791,-96911.0831,-93295.6803,-89686.0897,-86085.9124,-82502.4232,-78952.5054,-75480.0139,-72198.8737,-69327.2109,-67029.8446,-65226.6900
1210,-131256.1294,-127598.9109,-123941.8844,-120285.1340,-116628.7810,-112973.0002,-109318.0440,-105664.2783,-102012.2378,-98362.7156,-94716.9233,-91076.8117,-87445.8018,-83830.6567,-80246.7158,-76733.1388,-73392.1077,-70431.2058,-68038.0391,-66162.5146
1220,-132981.6310,-129294.1796,-125606.9181,-121919.9299,-118233.3352,-114547.3067,-110862.0942,-107178.0594,-103495.7300,-99815.8863,-96139.7140,-92469.1028,-88807.3159,-85160.6715,-81543.1804,-77989.9647,-74592.6838,-71546.8502,-69057.6062,-67106.7907
1230,-134708.6466,-130990.9623,-127273.4661,-123556.2406,-119839.4045,-116123.1290,-112407.6613,-108693.3589,-104980.7429,-101270.5821,-97564.0383,-93862.9467,-90170.4310,-86492.4214,-82841.7810,-79250.1524,-75799.8342,-72673.4567,-70088.5310,-68059.7023
1240,-136437.1642,-132689.2472,-128941.5165,-125194.0538,-121446.9768,-117700.4550,-113954.7330,-110210.1644,-106467.2643,-102726.7904,-98989.8827,-95258.3277,-91535.1253,-87825.8659,-84142.4175,-80513.4166,-77012.8770,-73810.3005,-71130.7281,-69021.4171
1250,-138167.1719,-134389.0224,-130611.0574,-126833.3579,-123056.0404,-119279.2729,-115503.2974,-111728.4641,-107955.2820,-104184.4987,-100417.2342,-96655.2308,-92901.3786,-89160.9694,-85445.0045,-81779.5169,-78231.2125,-74956.6421,-72184.0393,-69992.0829
1260,-139898.6581,-136090.2761,-132282.0770,-128474.1410,-124666.5835,-120859.5708,-117053.3428,-113248.2461,-109444.7841,-105643.6947,-101846.0798,-98053.6416,-94269.1721,-90497.6997,-86749.4686,-83048.2503,-79454.3171,-76111.7469,-73248.2357,-70971.8232
1270,-141631.6113,-137792.9970,-133954.5640,-130116.3917,-126278.5945,-122441.3373,-118604.8576,-114769.4987,-110935.7587,-107104.3665,-103276.4071,-99453.5462,-95638.4882,-91836.0281,-88055.7466,-84319.4444,-80681.7362,-77274.9020,-74323.0213,-71960.7335
1280,-143366.0202,-139497.1738,-135628.5070,-131760.0987,-127892.0623,-124024.5610,-120157.8304,-116292.2105,-112428.1943,-108566.5024,-104708.2038,-100854.9313,-97009.3102,-93175.9286,-89363.7831,-85592.9525,-81913.0766,-78445.4285,-75408.0398,-72958.8776
1290,-145101.8737,-141202.7953,-137303.8949,-133405.2509,-129506.9755,-125609.2308,-121712.2500,-117816.3702,-113922.0796,-110030.0907,-106141.4580,-102257.7838,-98381.6225,-94517.3774,-90673.5298,-86868.6493,-83147.9989,-79622.6908,-76502.8834,-73966.2838
1300,-146839.1609,-142909.8505,-138980.7168,-135051.8372,-131123.3233,-127195.3355,-123268.1054,-119341.9668,-115417.4034,-111495.1201,-107576.1579,-103662.0911,-99755.4099,-95860.3526,-91984.9441,-88146.4271,-84386.2106,-80806.1018,-77607.1032,-74982.9432
1310,-148577.8709,-144618.3288,-140658.9618,-136699.8469,-132741.0947,-128782.8645,-124825.3856,-120868.9892,-116914.1546,-112961.5795,-109012.2920,-105067.8411,-101130.6582,-97204.8340,-93297.9879,-89426.1928,-85627.4594,-81995.1251,-78720.2205,-76008.8069
1320,-150317.9932,-146328.2193,-142338.6193,-138349.2693,-134360.2792,-130371.8069,-126384.0800,-122397.4268,-118412.3225,-114429.4579,-110449.8492,-106475.0216,-102507.3536,-98550.8027,-94612.6274,-90707.8660,-86871.5276,-83189.2755,-79841.7380,-77043.7855
1330,-152059.5173,-148039.5118,-144019.6788,-140000.0940,-135980.8662,-131962.1523,-127944.1780,-123927.2690,-119911.8963,-115898.7445,-111888.8184,-107883.6212,-103885.4830,-99898.2412,-95928.8320,-91991.3762,-88118.2270,-84388.1170,-80971.1507,-78087.7493
1340,-153802.4328,-149752.1958,-145702.1300,-141652.3105,-137602.8455,-133553.8903,-129505.6692,-125458.5053,-121412.8656,-117369.4287,-113329.1886,-109293.6283,-105265.0334,-101247.1330,-97246.5740,-93276.6618,-89367.3950,-85591.2604,-82107.9555,-79140.5295
1350,-155546.7295,-151466.2611,-147385.9627,-143305.9088,-139226.2066,-135147.0107,-131068.5434,-126991.1254,-122915.2201,-118841.5000,-114770.9493,-110705.0320,-106645.9927,-102597.4623,-98565.8283,-94563.6686,-90618.8900,-86798.3595,-83251.6601,-80201.9203
1360,-157292.3975,-153181.6978,-149071.1669,-144960.8787,-140850.9397,-136741.5034,-132632.7905,-128525.1193,-124418.9495,-120314.9482,-116214.0900,-112117.8211,-108028.3489,-103949.2145,-99886.5718,-95852.3486,-91872.5892,-88009.1077,-84401.7892,-81271.6826
1370,-159039.4269,-154898.4960,-150757.7326,-146617.2103,-142477.0349,-138337.3585,-134198.4005,-130060.4768,-125924.0439,-121789.7632,-117658.6004,-113531.9852,-109412.0903,-105302.3753,-101208.7831,-97142.6588,-93128.3851,-89223.2339,-85557.8899,-82349.5477
1380,-160787.8079,-156616.6458,-152445.6502,-148274.8940,-144104.4823,-139934.5663,-135765.3637,-131597.1884,-127430.4933,-123265.9349,-119104.4703,-114947.5137,-110797.2056,-106656.9312,-102532.4425,-98434.5609,-94386.1836,-90440.4985,-86719.5357,-83435.2228
1390,-162537.5310,-158336.1378,-154134.9100,-149933.9200,-145733.2723,-141533.1170,-137333.6704,-133135.2441,-128938.2880,-124743.4536,-120551.6899,-116364.3964,-112183.6839,-108012.8694,-103857.5316,-99728.0206,-95645.9020,-91660.6905,-87886.3279,-84528.3955
1400,-164288.5866,-160056.9624,-155825.5026,-151594.2790,-147363.3955,-143133.0012,-138903.3110,-134674.6345,-130447.4185,-126222.3096,-122000.2492,-117782.6231,-113571.5144,-109370.1774,-105184.0332,-101023.0065,-96907.4673,-92883.6233,-89057.8976,-85628.7397
1410,-166040.9654,-161779.1103,-157517.4185,-153255.9615,-148994.8424,-144734.2095,-140474.2762,-136215.3502,-131957.8752,-127702.4934,-123450.1388,-119202.1841,-114960.6867,-110728.8432,-106511.9311,-102319.4904,-98170.8149,-94109.1324,-90233.9051,-86735.9206
1420,-167794.6582,-163502.5723,-159210.6486,-154918.9584,-150627.6039,-146336.7327,-142046.5567,-137757.3818,-133469.6488,-129183.9955,-124901.3489,-120623.0694,-116351.1904,-112088.8552,-107841.2101,-103617.4463,-99435.8872,-95337.0723,-91414.0395,-87849.5998
1430,-169549.6560,-165227.3393,-160905.1839,-156583.2605,-152261.6709,-147940.5616,-143620.1434,-139300.7203,-134982.7302,-130666.8068,-126353.8704,-122045.2697,-117743.0156,-113450.2022,-109171.8557,-104916.8505,-100702.6330,-96567.3143,-92598.0175,-88969.4401
1440,-171305.9497,-166953.4023,-162601.0152,-158248.8589,-153897.0343,-149545.6873,-145195.0273,-140845.3565,-136497.1103,-132150.9182,-127807.6940,-123468.7755,-119136.1524,-114812.8733,-110503.8542,-106217.6810,-101971.0062,-97799.7442,-93785.5820,-90095.1090
1450,-173063.5305,-168680.7525,-164298.1339,-159915.7447,-155533.6854,-151152.1009,-146771.1996,-142391.2817,-138012.7801,-133636.3206,-129262.8106,-124893.5774,-120530.5911,-116176.8578,-111837.1924,-107519.9176,-103240.9655,-99034.2608,-94976.5003,-91226.2829
1460,-174822.3898,-170409.3812,-165996.5311,-161583.9092,-157171.6153,-152759.7936,-148348.6513,-143938.4869,-139529.7309,-135123.0051,-130719.2112,-126319.6665,-121926.3224,-117542.1456,-113171.8578,-108823.5412,-104512.4733,-100270.7737,-96170.5619,-92362.6491
1470,-176582.5189,-172139.2797,-167696.1983,-163253.3437,-158810.8155,-154368.7569,-149927.3740,-145486.9637,-141047.9540,-136610.9631,-132176.8871,-127747.0338,-123323.3369,-118908.7265,-114507.8384,-110128.5343,-105785.4959,-101509.2025,-97367.5770,-93503.9083
1480,-178343.9092,-173870.4397,-169397.1269,-164924.0399,-160451.2775,-155978.9822,-151507.3590,-147036.7033,-142567.4407,-138100.1859,-133635.8296,-129175.6704,-124721.6255,-120276.5908,-115845.1224,-111434.8804,-107060.0022,-102749.4751,-98567.3747,-94649.7762
1490,-180106.5526,-175602.8526,-171099.3087,-166595.9893,-162092.9928,-157590.4611,-153088.5980,-148587.6974,-144088.1826,-139590.6651,-135096.0301,-130605.5676,-126121.1793,-121645.7288,-117183.6989,-112742.5637,-108335.9639,-103991.5269,-99769.8009,-95799.9840
